seq_len,sequential_scan_torch,sequential_scan_triton,associative_scan_triton
32.000000,0.691200,0.073728,0.237568
64.000000,1.689088,0.134144,0.440320
128.000000,3.687424,0.256000,0.850944
256.000000,7.671808,0.498688,1.676288
512.000000,15.682560,1.226752,3.353600
1024.000000,31.794176,2.607104,6.727680
2048.000000,63.932415,5.609472,13.469696
